Organization,Followed On
Euron,Wed Feb 19 16:30:39 UTC 2025
SK hynix,Fri Feb 14 13:42:19 UTC 2025
MSM Unify,Thu Feb 13 05:22:41 UTC 2025
Idea Usher,Sat Jan 25 07:23:14 UTC 2025
HiringHello | Looking for Job | Get Candidates,Mon Jan 13 06:15:50 UTC 2025
Argilla,Wed Dec 18 09:11:38 UTC 2024
Gradio,Wed Dec 18 09:02:25 UTC 2024
Ocena Smart Solutions,Wed Dec 04 13:16:04 UTC 2024
Application Programming Interfaces,Thu Jul 25 14:58:10 UTC 2024
DevOps,Sun Apr 14 06:39:12 UTC 2024
Data Science,Sun Apr 14 06:36:13 UTC 2024
GitKraken,Mon Feb 26 06:50:20 UTC 2024
Hugging Face,Thu Feb 15 03:32:17 UTC 2024
Google DeepMind,Thu Feb 15 03:32:03 UTC 2024
Hitachi,Mon Feb 05 12:58:46 UTC 2024
Oracle,Sat Jan 13 22:04:00 UTC 2024
Stack Overflow,Sat Jan 13 22:02:16 UTC 2024
DALL-E Open Ai,Sat Jan 13 22:02:11 UTC 2024
Midjourney,Sat Jan 13 22:02:10 UTC 2024
OpenAI,Sat Jan 13 22:01:43 UTC 2024
GitHub,Sat Jan 13 21:47:29 UTC 2024
Open Source Society University,Fri Jan 12 18:18:06 UTC 2024
freeCodeCamp,Sat Nov 18 15:34:00 UTC 2023
Zoho,Fri Sep 15 05:28:19 UTC 2023
GeeksforGeeks,Sat Sep 09 09:25:59 UTC 2023
W3Schools.com,Sat Sep 09 09:25:55 UTC 2023
Sheryians Coding School,Sat Sep 09 09:25:49 UTC 2023
CodexWorld,Wed Sep 06 17:03:05 UTC 2023
Web Development,Tue Sep 05 14:31:18 UTC 2023
Dr. Reddy's Laboratories,Fri Aug 25 12:22:50 UTC 2023
SUN PHARMA,Fri Aug 25 12:22:47 UTC 2023
Adani Group,Fri Aug 25 12:22:11 UTC 2023
Larsen & Toubro,Fri Aug 25 12:22:10 UTC 2023
Flipkart,Fri Aug 25 12:22:10 UTC 2023
L&T Technology Services,Fri Aug 25 12:22:05 UTC 2023
State Bank of India,Fri Aug 25 12:21:59 UTC 2023
Tata Motors,Fri Aug 25 12:21:57 UTC 2023
Tech Mahindra,Fri Aug 25 12:21:54 UTC 2023
Tata Steel,Fri Aug 25 12:21:46 UTC 2023
Axis Bank,Fri Aug 25 12:21:42 UTC 2023
ITC Limited,Fri Aug 25 12:21:08 UTC 2023
WordPress,Fri Aug 25 12:19:15 UTC 2023
Wordpress Developer,Fri Aug 25 12:19:13 UTC 2023
WordPress Developer,Fri Aug 25 12:19:11 UTC 2023
WordPress Development Agency,Fri Aug 25 12:19:09 UTC 2023
WordPress Maintenance Services,Fri Aug 25 12:19:06 UTC 2023
Reliance Retail,Fri Aug 25 12:18:36 UTC 2023
Reliance Digital,Fri Aug 25 12:18:35 UTC 2023
Reliance Industries Limited,Fri Aug 25 12:18:33 UTC 2023
Meta,Fri Aug 25 12:17:37 UTC 2023
Apple,Fri Aug 25 12:17:35 UTC 2023
Accenture,Fri Aug 25 12:17:32 UTC 2023
Amazon Web Services (AWS),Fri Aug 25 12:17:30 UTC 2023
HCLTech,Fri Aug 25 12:17:30 UTC 2023
IBM,Fri Aug 25 12:17:26 UTC 2023
LinkedIn,Fri Aug 25 12:17:24 UTC 2023
Amazon,Fri Aug 25 12:17:20 UTC 2023
Google,Fri Aug 25 12:17:18 UTC 2023
Microsoft,Fri Aug 25 12:17:17 UTC 2023
Tesla,Fri Aug 25 12:17:14 UTC 2023
Responsive Web Design,Thu Jul 27 15:23:21 UTC 2023
Web Application Development,Thu Jul 27 15:23:07 UTC 2023
aramco,Sun Apr 02 12:40:02 UTC 2023
Infosys Equinox,Sun Apr 02 12:39:55 UTC 2023
Cognizant,Fri Mar 31 06:39:05 UTC 2023
Wipro,Fri Mar 31 06:39:05 UTC 2023
Tata Consultancy Services,Fri Mar 31 06:39:04 UTC 2023
Infosys,Fri Mar 31 06:38:43 UTC 2023
Work From Home/ Fresher & Experience Jobs,Fri Mar 31 06:38:42 UTC 2023
Fresher Jobs,Fri Mar 31 06:38:41 UTC 2023